{
    "rmse": 15.195871515830701,
    "mae": 11.501098928451539
}